{"spot_diameter_fullres": 113.72499363659004, "tissue_hires_scalef": 0.12641425, "fiducial_diameter_fullres": 183.70960510526086, "tissue_lowres_scalef": 0.03792428}