{"spot_diameter_fullres": 93.18138999999996, "tissue_hires_scalef": 0.16666667, "fiducial_diameter_fullres": 150.52378999999996, "tissue_lowres_scalef": 0.05}